id,generated
0000aaaa,0.4423011
1111bbbb,0.39750752
2222cccc,0.40048015
